P/E Ratio,P/B Ratio,EV/EBITDA
8.685368066303361,1.7941053127806728,6.057530336969697
