P/E Ratio,P/B Ratio,EV/EBITDA
-1.1171689861570864,-0.4400337537112706,11.175378159588856
