P/E Ratio,P/B Ratio,EV/EBITDA
1.6414255498384454,0.22018348930048448,1.8979896817027164
