P/E Ratio,P/B Ratio,EV/EBITDA
9.986189263687319,16.52002469754978,7.586605148705262
