P/E Ratio,P/B Ratio,EV/EBITDA
9.443176151723222,5.530935841156011,4.823992876059895
