P/E Ratio,P/B Ratio,EV/EBITDA
8.17964558161288,1.377079932426253,4.694664282387324
