P/E Ratio,P/B Ratio,EV/EBITDA
8.51242063694106,2.3966137639520473,5.166173238341706
