P/E Ratio,P/B Ratio,EV/EBITDA
9.713028713652852,3.3573979176341235,9.11005788650388
