P/E Ratio,P/B Ratio,EV/EBITDA
11.56427378865704,0.7238724529969421,6.28305205126164
