P/E Ratio,P/B Ratio,EV/EBITDA
1.9636852463461847,0.2658200661331836,1.7929348279406725
