P/E Ratio,P/B Ratio,EV/EBITDA
9.424650338387886,7.067000566973047,6.323684309678086
