P/E Ratio,P/B Ratio,EV/EBITDA
23.426632504193254,22.77958432943909,22.26367065708485
