P/E Ratio,P/B Ratio,EV/EBITDA
5.831661699138704,0.5885665233826369,3.520121717856845
