P/E Ratio,P/B Ratio,EV/EBITDA
5.367023741837344,0.5361827077792806,3.4157220961262134
