P/E Ratio,P/B Ratio,EV/EBITDA
-14.00507743030303,0.8924737958868398,5.300826517579823
