P/E Ratio,P/B Ratio,EV/EBITDA
-11.519257634097599,0.6155894698085844,5.547009342687649
