P/E Ratio,P/B Ratio,EV/EBITDA
18.564889373238273,2.043111303089158,8.853646269880139
