P/E Ratio,P/B Ratio,EV/EBITDA
6.318108184102308,0.8120835622362236,3.4590570413467203
