P/E Ratio,P/B Ratio,EV/EBITDA
2.187805219897464,0.3818457426571757,3.128555787534862
