P/E Ratio,P/B Ratio,EV/EBITDA
4.6970112534204285,1.1183849741611622,4.719617951788609
