P/E Ratio,P/B Ratio,EV/EBITDA
-441.10044599231924,0.5611213493474869,6.335202985767
