P/E Ratio,P/B Ratio,EV/EBITDA
6.39879362287176,2.9855827336150345,4.941843212007504
