P/E Ratio,P/B Ratio,EV/EBITDA
5.033302762666436,2.22626691076377,4.582386691606947
