P/E Ratio,P/B Ratio,EV/EBITDA
24.71954724085268,1.5604244104255103,12.312326414428341
