P/E Ratio,P/B Ratio,EV/EBITDA
9.783267159370201,1.4610973168905688,6.482064623686297
