P/E Ratio,P/B Ratio,EV/EBITDA
2.1328284942606897,0.4454823822181412,1.6324516361152226
