P/E Ratio,P/B Ratio,EV/EBITDA
5.3574298818448804,5.444790479872041,3.7642379031641373
