P/E Ratio,P/B Ratio,EV/EBITDA
11.436050364132194,4.531731062780006,5.936200397219988
