P/E Ratio,P/B Ratio,EV/EBITDA
28.70256380884074,4.080691020573737,9.620782760207307
