P/E Ratio,P/B Ratio,EV/EBITDA
15.471491400873951,1.570820647957027,10.764715499934482
