P/E Ratio,P/B Ratio,EV/EBITDA
9.254491259877831,24.218954477974567,6.997632198713684
