P/E Ratio,P/B Ratio,EV/EBITDA
5.039241116418118,1.1254901060690743,4.151925124747134
