P/E Ratio,P/B Ratio,EV/EBITDA
2.7699947996500365,-49.89541914754232,1.167486175632184
