P/E Ratio,P/B Ratio,EV/EBITDA
6.257352569561029,1.130382168077356,4.147652741522562
