P/E Ratio,P/B Ratio,EV/EBITDA
12.845038097706666,3.1458447587067107,8.531509976819478
