P/E Ratio,P/B Ratio,EV/EBITDA
2.3344952925168054,0.3778912044430219,2.428655451626898
