P/E Ratio,P/B Ratio,EV/EBITDA
8.808692847032775,0.26516923470586157,5.297660925622574
