P/E Ratio,P/B Ratio,EV/EBITDA
8.107904329177869,0.7066236107886888,5.010348522215078
