P/E Ratio,P/B Ratio,EV/EBITDA
29.23531812715972,10.788259661871434,1.581537705852728
