P/E Ratio,P/B Ratio,EV/EBITDA
5.913527884009392,1.9969308828066168,3.7505192716981917
