P/E Ratio,P/B Ratio,EV/EBITDA
6.568804101482449,0.7855147597189177,4.171420416169648
