P/E Ratio,P/B Ratio,EV/EBITDA
6.4282618672944,1.1230694255668283,3.7903016361333894
