P/E Ratio,P/B Ratio,EV/EBITDA
5.585957449880048,-3.788514347023861,4.445437276618542
