P/E Ratio,P/B Ratio,EV/EBITDA
-5.694807646631069,-1.9973960675965121,-18.63461572623574
