P/E Ratio,P/B Ratio,EV/EBITDA
5.773225756995017,0.47068360363738637,5.100726669952607
