P/E Ratio,P/B Ratio,EV/EBITDA
2.6461586302739604,1.3593644334785295,1.7958068628922783
