P/E Ratio,P/B Ratio,EV/EBITDA
9.35255231103654,0.6560586150918374,4.5560779385195875
