P/E Ratio,P/B Ratio,EV/EBITDA
2.4015057404857867,0.22783803480232173,1.5877603362232522
