P/E Ratio,P/B Ratio,EV/EBITDA
2.185777676696637,0.4286369644341193,1.7518228958974564
