P/E Ratio,P/B Ratio,EV/EBITDA
7.405869830547953,1.0616756359797832,5.270633558062203
