P/E Ratio,P/B Ratio,EV/EBITDA
9.429532177369916,0.8660541288043887,2.5092932527893894
