P/E Ratio,P/B Ratio,EV/EBITDA
40.33759243859315,1.9053437312030774,13.860403666007123
