P/E Ratio,P/B Ratio,EV/EBITDA
2.6754243347888162,0.26381700531480456,1.6642284347387872
