P/E Ratio,P/B Ratio,EV/EBITDA
4.882497066968586,0.4950312350836308,3.8181313922969227
