P/E Ratio,P/B Ratio,EV/EBITDA
4.021426282346015,0.37489520989355896,2.9779751933049803
