P/E Ratio,P/B Ratio,EV/EBITDA
33.479464917634665,-5.624865888107219,6.521088539856601
