P/E Ratio,P/B Ratio,EV/EBITDA
6.6620742017139225,2.6306952030257706,4.653069076977651
