P/E Ratio,P/B Ratio,EV/EBITDA
10.06163950837443,1.3925912610313291,5.554340851788757
