P/E Ratio,P/B Ratio,EV/EBITDA
7.39363064779611,1.248871841329534,4.595946072768543
