P/E Ratio,P/B Ratio,EV/EBITDA
-1.2042618557727949,0.6687647196316614,-5.790299395878423
