P/E Ratio,P/B Ratio,EV/EBITDA
26.02770154407449,7.263595718148416,18.819178169142013
