P/E Ratio,P/B Ratio,EV/EBITDA
2.4223128884805214,0.875249774158001,1.3664680023378142
