P/E Ratio,P/B Ratio,EV/EBITDA
9.340719187237314,1.9114992702470581,5.927942848323759
