P/E Ratio,P/B Ratio,EV/EBITDA
4.714069372702779,1.847997473641743,3.6003296361199455
