P/E Ratio,P/B Ratio,EV/EBITDA
2.8578268526989934,0.8607935928349983,1.8860134628608907
