P/E Ratio,P/B Ratio,EV/EBITDA
8.404820262565627,31.83298986829471,5.241158051692386
