P/E Ratio,P/B Ratio,EV/EBITDA
12.713646434853034,13.435345176369445,6.734013055329062
