P/E Ratio,P/B Ratio,EV/EBITDA
3.2098208594439273,0.41675470241639584,1.7767783504631656
