P/E Ratio,P/B Ratio,EV/EBITDA
8.064363130779133,0.8008179352867228,5.474128275291671
