P/E Ratio,P/B Ratio,EV/EBITDA
26.877434612016916,8.648512119050059,17.068889796875588
