P/E Ratio,P/B Ratio,EV/EBITDA
7.082429008203642,1.416360938789821,4.098348004159857
