P/E Ratio,P/B Ratio,EV/EBITDA
5.193650443497883,0.7457868732475412,3.5986420462542004
