P/E Ratio,P/B Ratio,EV/EBITDA
4.261206565773539,0.2935622617263984,1.6560452142269961
