P/E Ratio,P/B Ratio,EV/EBITDA
7.892518197139511,0.5658572067803476,3.570235602190426
