P/E Ratio,P/B Ratio,EV/EBITDA
4.642528442813842,0.6268478430541741,6.381818558548713
