P/E Ratio,P/B Ratio,EV/EBITDA
3.5140207579765477,0.7131423221717592,1.3836708566200437
