P/E Ratio,P/B Ratio,EV/EBITDA
17.279099543605607,4.874326471626884,10.54914154357488
