P/E Ratio,P/B Ratio,EV/EBITDA
9.338337563549901,0.40511492264789906,2.6026503683492495
