P/E Ratio,P/B Ratio,EV/EBITDA
3.885528633165829,0.8876110753336204,3.240092979642196
