P/E Ratio,P/B Ratio,EV/EBITDA
33.35426411348231,1.5111636967450823,13.908263735197151
