P/E Ratio,P/B Ratio,EV/EBITDA
5.140972147474034,1.3641217459989161,3.764081199084947
