P/E Ratio,P/B Ratio,EV/EBITDA
4.257307598006088,1.1964814103018242,2.8357945853939044
