P/E Ratio,P/B Ratio,EV/EBITDA
14.3229889114553,4.970186490532088,10.029632658637013
