P/E Ratio,P/B Ratio,EV/EBITDA
4.944510658835525,0.8122766822663656,2.991905595594983
