P/E Ratio,P/B Ratio,EV/EBITDA
2.005499107537722,0.19091728167579533,1.9790292613364422
