P/E Ratio,P/B Ratio,EV/EBITDA
3.806116978595249,0.430952131053242,1.738200691536672
