P/E Ratio,P/B Ratio,EV/EBITDA
7.140018313522041,0.4150049774268702,3.4367424110362124
