P/E Ratio,P/B Ratio,EV/EBITDA
-6.36402929576629,1.7014442179870235,11.73462103680744
