P/E Ratio,P/B Ratio,EV/EBITDA
3.8686914544736597,1.4097687370408374,3.129926487818212
