P/E Ratio,P/B Ratio,EV/EBITDA
1.8400332841354279,0.666386535302962,2.247532346688311
