P/E Ratio,P/B Ratio,EV/EBITDA
3.2698540339157858,0.6726865795868163,2.565915895636922
