P/E Ratio,P/B Ratio,EV/EBITDA
2.2928087353695585,0.5442940337790457,1.8755332247941146
