P/E Ratio,P/B Ratio,EV/EBITDA
7.485758900898259,0.8757298650012912,5.607664866643982
