P/E Ratio,P/B Ratio,EV/EBITDA
16.274635775255884,0.5289742488914668,5.112891814535188
