P/E Ratio,P/B Ratio,EV/EBITDA
17.461929753995445,0.8178877239538714,7.015339610704666
