P/E Ratio,P/B Ratio,EV/EBITDA
4.772102278361196,0.5048520608887994,3.2007550122152364
