P/E Ratio,P/B Ratio,EV/EBITDA
6.608094883498999,1.5302872576622688,4.483822467289644
