P/E Ratio,P/B Ratio,EV/EBITDA
6.13704882773754,2.331160784925084,4.335937476063784
