P/E Ratio,P/B Ratio,EV/EBITDA
5.234363255891105,0.5845737670987201,3.6410229291771716
