P/E Ratio,P/B Ratio,EV/EBITDA
7.834802199751669,0.42742418410655836,3.6571163562214255
