P/E Ratio,P/B Ratio,EV/EBITDA
4.1462160295612405,3.1875507263690195,2.78590178664886
