P/E Ratio,P/B Ratio,EV/EBITDA
2.0427298955093423,0.5713869205954754,1.3303621093141522
