P/E Ratio,P/B Ratio,EV/EBITDA
40.53363553320843,0.22831656579043508,0.8481246239199636
