P/E Ratio,P/B Ratio,EV/EBITDA
10.473912190757538,1.2805638736081946,5.617769110103817
