P/E Ratio,P/B Ratio,EV/EBITDA
1.4990512214535405,1.2511970035058821,3.853987492881356
