P/E Ratio,P/B Ratio,EV/EBITDA
28.24626057696251,2.3533706735346267,7.14258330680608
