P/E Ratio,P/B Ratio,EV/EBITDA
4.7074572708417834,0.3863743125345001,2.917661870354365
