P/E Ratio,P/B Ratio,EV/EBITDA
12.783508042201468,2.101428451142687,6.123296338928331
