P/E Ratio,P/B Ratio,EV/EBITDA
7.644938657234444,0.504211863681796,4.003493394147054
