P/E Ratio,P/B Ratio,EV/EBITDA
2.6079178339059537,0.7699060189159065,2.757996680796403
