P/E Ratio,P/B Ratio,EV/EBITDA
3.5195821070869897,0.476147243603585,2.32100222600243
