P/E Ratio,P/B Ratio,EV/EBITDA
3.4106993242138484,1.1294684634826306,5.637700583460313
