P/E Ratio,P/B Ratio,EV/EBITDA
3.449106048335995,0.7021850490325044,1.6409231707723793
