P/E Ratio,P/B Ratio,EV/EBITDA
35.17440634828166,1.9658087843337253,9.421289595085282
