P/E Ratio,P/B Ratio,EV/EBITDA
7.0156557614506205,0.6189378358003499,4.174252959972699
