P/E Ratio,P/B Ratio,EV/EBITDA
18.26179423728338,0.5680669462046675,4.278531118392598
