P/E Ratio,P/B Ratio,EV/EBITDA
6.158372834616275,0.35785334686679765,4.011929696225287
