P/E Ratio,P/B Ratio,EV/EBITDA
9.74401432577903,0.788330227655405,4.0773496290845435
