P/E Ratio,P/B Ratio,EV/EBITDA
14.470979214891974,1.982067165111359,9.097877153969579
