P/E Ratio,P/B Ratio,EV/EBITDA
5.383110085553397,0.6414771657715801,2.463051770431825
