P/E Ratio,P/B Ratio,EV/EBITDA
8.403088397969565,1.9295547957991068,6.145728214898886
