P/E Ratio,P/B Ratio,EV/EBITDA
4.55477013007159,0.31664757912012287,2.3638790615138348
