P/E Ratio,P/B Ratio,EV/EBITDA
3.6960783544833307,1.338934602048468,2.478511779185626
