P/E Ratio,P/B Ratio,EV/EBITDA
-15.638559097174362,2.6994467344753748,9.150726166551962
