P/E Ratio,P/B Ratio,EV/EBITDA
10.48044303427085,1.3365612124456776,8.045736708405041
