P/E Ratio,P/B Ratio,EV/EBITDA
2.0272280478381646,0.23341637039457488,3.4114200898966107
