P/E Ratio,P/B Ratio,EV/EBITDA
10.646629791924754,3.488397182665907,7.1425204905535296
