P/E Ratio,P/B Ratio,EV/EBITDA
5.463174106478084,0.9900199025267278,2.240324604646811
