P/E Ratio,P/B Ratio,EV/EBITDA
5.925491896463557,0.628006398447596,3.082190658614196
