P/E Ratio,P/B Ratio,EV/EBITDA
9.154455671287769,1.3742803240807224,5.6041159968054
