P/E Ratio,P/B Ratio,EV/EBITDA
-1.9235192352191854,0.30676363018342595,2.9090011011248165
