P/E Ratio,P/B Ratio,EV/EBITDA
1.73164506912142,0.1744000774937344,1.7428630135338345
