P/E Ratio,P/B Ratio,EV/EBITDA
-14.608195413167952,1.4040931298045543,8.360400333725616
