P/E Ratio,P/B Ratio,EV/EBITDA
12.072932363857419,1.0454042547290054,6.457036529423652
