P/E Ratio,P/B Ratio,EV/EBITDA
1.8688136090998864,0.4512123035470252,2.3588596085775824
