P/E Ratio,P/B Ratio,EV/EBITDA
1.8030932955320864,0.2523270798610476,2.245672902718294
