P/E Ratio,P/B Ratio,EV/EBITDA
1.7971792085767664,0.25149945530319584,2.360645342190368
