P/E Ratio,P/B Ratio,EV/EBITDA
9.362379360375407,0.8674455924083397,5.182305657417825
