P/E Ratio,P/B Ratio,EV/EBITDA
-3.6959791060858525,0.882045050271088,-14.572464665869825
