P/E Ratio,P/B Ratio,EV/EBITDA
6.721927653888074,0.6712896068629061,4.669404138861668
