P/E Ratio,P/B Ratio,EV/EBITDA
5.521580400544298,0.9907587787006259,3.904988452627541
