P/E Ratio,P/B Ratio,EV/EBITDA
19.83511158127143,1.3307323866415013,6.624659507683631
