P/E Ratio,P/B Ratio,EV/EBITDA
6.9477391795428245,1.384229327561775,3.7872689126113186
