P/E Ratio,P/B Ratio,EV/EBITDA
3.4587873579352797,0.8796937893681664,3.0659532338590787
