P/E Ratio,P/B Ratio,EV/EBITDA
9.387543476538623,0.8241724165550501,3.753586867912625
