P/E Ratio,P/B Ratio,EV/EBITDA
1.5605302410516013,0.2405311228533886,1.7125247202033733
