P/E Ratio,P/B Ratio,EV/EBITDA
4.270184236564396,1.0534069202323977,6.592961534607507
