P/E Ratio,P/B Ratio,EV/EBITDA
4.472400076166916,1.1032913170211605,6.538528634003317
