P/E Ratio,P/B Ratio,EV/EBITDA
4.776210233607879,1.0808553067246973,3.259186774226515
