P/E Ratio,P/B Ratio,EV/EBITDA
10.768218010450234,0.29014982406987005,3.801995658619037
