P/E Ratio,P/B Ratio,EV/EBITDA
9.251651291835916,1.6151579288940987,7.546212924977616
