P/E Ratio,P/B Ratio,EV/EBITDA
-2.513828421078294,0.1361047585144635,2.617661722419929
