P/E Ratio,P/B Ratio,EV/EBITDA
10.408167518507712,5.7499588084312885,6.723193904761905
