P/E Ratio,P/B Ratio,EV/EBITDA
8.381593222740829,0.7860089834045524,3.0782126456478474
