P/E Ratio,P/B Ratio,EV/EBITDA
-12.657528167024813,0.8181951631094033,3.3921418714290175
