P/E Ratio,P/B Ratio,EV/EBITDA
-20.24665469965549,1.2429123395891366,3.1053480430647715
