P/E Ratio,P/B Ratio,EV/EBITDA
3.5612887925092975,-15.68870491110532,2.4356987949918
