P/E Ratio,P/B Ratio,EV/EBITDA
-6.605223342174562,1.547786788976031,-6.076701990725231
