P/E Ratio,P/B Ratio,EV/EBITDA
6.336528555474786,92.65723996289063,4.555925348206077
