P/E Ratio,P/B Ratio,EV/EBITDA
41.8407301094081,1.3855421202961116,3.3795640695799745
