P/E Ratio,P/B Ratio,EV/EBITDA
2.9808700262347414,0.606311534097051,2.2073959853731986
