P/E Ratio,P/B Ratio,EV/EBITDA
29.078721737745333,-10.532410731617095,12.730215726899017
