P/E Ratio,P/B Ratio,EV/EBITDA
1.8650385411248234,0.3753040300771945,3.115398417036128
