P/E Ratio,P/B Ratio,EV/EBITDA
3.6796384754660494,0.8450564359222144,2.427307256224769
