P/E Ratio,P/B Ratio,EV/EBITDA
7.08829765208265,2.1619663951722137,5.11239449706952
