P/E Ratio,P/B Ratio,EV/EBITDA
6.550450053901363,0.26454236518050783,1.8070700352839077
