P/E Ratio,P/B Ratio,EV/EBITDA
3.194098566141561,0.33115798282820996,1.9683664896654591
