P/E Ratio,P/B Ratio,EV/EBITDA
1.9662061841493483,-4.374885336237135,1.9612317956744205
