P/E Ratio,P/B Ratio,EV/EBITDA
3.279779717177953,10.920731752745025,2.435610147832461
