P/E Ratio,P/B Ratio,EV/EBITDA
4.958816569740821,0.5752235827680382,3.4847442682480714
