P/E Ratio,P/B Ratio,EV/EBITDA
4.377138799669739,0.6274412182543491,3.582398087812276
