P/E Ratio,P/B Ratio,EV/EBITDA
20.1941717265346,0.4873521619504615,4.6381860609189465
