P/E Ratio,P/B Ratio,EV/EBITDA
4.016459745053428,2.0301817690073634,4.211540716660327
