P/E Ratio,P/B Ratio,EV/EBITDA
10.087364754199399,2.459407037540679,5.644191335459838
