P/E Ratio,P/B Ratio,EV/EBITDA
8.66424526409403,0.9522734974692776,5.527842034682081
