P/E Ratio,P/B Ratio,EV/EBITDA
11.841713649835311,9.884146141137435,8.489685637258441
