P/E Ratio,P/B Ratio,EV/EBITDA
-5.7689931931064,0.3674641143485253,19.599121860465115
