P/E Ratio,P/B Ratio,EV/EBITDA
-5.2020189721756225,0.7766136034852151,-10.423869366726297
