P/E Ratio,P/B Ratio,EV/EBITDA
8.334904715977528,0.8319324768766013,5.846643278461631
