P/E Ratio,P/B Ratio,EV/EBITDA
1.6681149341203623,0.21956322136086995,1.1060706346015932
