P/E Ratio,P/B Ratio,EV/EBITDA
4.698550885507022,0.55985455975646,2.3675312403147095
