P/E Ratio,P/B Ratio,EV/EBITDA
3.2419277217248275,0.7747071274468416,2.2325266611195405
