P/E Ratio,P/B Ratio,EV/EBITDA
9.69261120071783,1.4968438869335978,4.364507906976744
