P/E Ratio,P/B Ratio,EV/EBITDA
19.44470713585799,1.002402828727197,9.209707146246132
