P/E Ratio,P/B Ratio,EV/EBITDA
20.10436264547562,10.856275297797067,7.007444511549982
