P/E Ratio,P/B Ratio,EV/EBITDA
31.737482721384257,4.062253671683265,24.06916621608444
