P/E Ratio,P/B Ratio,EV/EBITDA
13.776136160868475,15.988834567271947,8.188756043516289
