P/E Ratio,P/B Ratio,EV/EBITDA
7.0807437616121724,5.9220167490192,5.170195325521155
