P/E Ratio,P/B Ratio,EV/EBITDA
2.422491653928356,0.13053379933416542,1.8649073972602739
