P/E Ratio,P/B Ratio,EV/EBITDA
5.789985514894106,1.2725148029435314,2.888193585011735
