P/E Ratio,P/B Ratio,EV/EBITDA
7.942674391074569,0.8033126221352178,6.025100728680706
