P/E Ratio,P/B Ratio,EV/EBITDA
3.922026906254757,1.2296030394907695,3.6109863721286217
