P/E Ratio,P/B Ratio,EV/EBITDA
9.545370146165425,0.691587183103279,4.987546794376642
