P/E Ratio,P/B Ratio,EV/EBITDA
-30.414804657689142,1.6357335299121134,2.2367121036513544
