P/E Ratio,P/B Ratio,EV/EBITDA
5.967352196129032,1.9894026177229711,4.318239656617271
