P/E Ratio,P/B Ratio,EV/EBITDA
5.60338147866294,0.1867557522252682,3.0380776605744124
