P/E Ratio,P/B Ratio,EV/EBITDA
6.013763692505774,0.45695241724056096,4.804141768099884
