P/E Ratio,P/B Ratio,EV/EBITDA
7.289163381629163,7.606816394895142,5.657525832190169
