P/E Ratio,P/B Ratio,EV/EBITDA
5.568826499485889,16.83061168022945,3.681466999122037
