P/E Ratio,P/B Ratio,EV/EBITDA
8.718362047513649,0.4837603147354844,3.7161064656659213
