P/E Ratio,P/B Ratio,EV/EBITDA
4.5314472117220586,0.609287661954469,4.710363135232112
