P/E Ratio,P/B Ratio,EV/EBITDA
7.133289847953867,2.917925265492175,5.206272928389235
