P/E Ratio,P/B Ratio,EV/EBITDA
5.175188596839136,1.1000376302191188,2.3248486714144847
