P/E Ratio,P/B Ratio,EV/EBITDA
1.4700615736187226,0.09006886704122019,1.7043702932648193
