P/E Ratio,P/B Ratio,EV/EBITDA
203.50696572892485,inf,15.471451246634672
