P/E Ratio,P/B Ratio,EV/EBITDA
1.5708819062863013,0.2152149259364886,1.4426277006093873
