P/E Ratio,P/B Ratio,EV/EBITDA
2.1345763403013036,0.3684609589324405,1.7570165073114972
