P/E Ratio,P/B Ratio,EV/EBITDA
3.395929226464679,0.5074301385718594,2.5324470292586607
