P/E Ratio,P/B Ratio,EV/EBITDA
2.513440454209519,0.41597719469091193,2.2440487508560256
