P/E Ratio,P/B Ratio,EV/EBITDA
29.68362107486748,19.156796459015396,21.010970507187448
