P/E Ratio,P/B Ratio,EV/EBITDA
4.492823915039366,3.5046064099173284,3.408644901987097
