P/E Ratio,P/B Ratio,EV/EBITDA
5.629516828198551,0.6116417337499296,3.821098686247514
