P/E Ratio,P/B Ratio,EV/EBITDA
4.918252275870253,-4.279750779480158,3.8059966398398397
