P/E Ratio,P/B Ratio,EV/EBITDA
5.481190934700457,3.179174237568651,4.317940381785996
