P/E Ratio,P/B Ratio,EV/EBITDA
-18.26097660257927,0.4929182906899916,3.848250090766823
