P/E Ratio,P/B Ratio,EV/EBITDA
1.83246114785813,0.5260642419006479,1.4858958400905804
