P/E Ratio,P/B Ratio,EV/EBITDA
-3.659747221147859,0.31326398780338793,3.1767809869799937
