P/E Ratio,P/B Ratio,EV/EBITDA
13.27645014832168,17.857885396311037,10.21095183152648
