P/E Ratio,P/B Ratio,EV/EBITDA
9.059846683099803,0.7463927477394561,4.753404141968599
