P/E Ratio,P/B Ratio,EV/EBITDA
-9.189655386631216,0.481327993430938,6.668232402334578
