P/E Ratio,P/B Ratio,EV/EBITDA
12.579386519009422,45.61300094436191,8.96525102381641
