P/E Ratio,P/B Ratio,EV/EBITDA
4.739978553808998,-27.20265658169028,3.4428184363103953
