P/E Ratio,P/B Ratio,EV/EBITDA
3.6800758540071863,0.9423330952791611,2.5881291562238933
