P/E Ratio,P/B Ratio,EV/EBITDA
7.790696262785246,-9.065540530648258,5.687947563194532
