P/E Ratio,P/B Ratio,EV/EBITDA
5.157785848340959,1.2215324693990801,2.938898902556563
