P/E Ratio,P/B Ratio,EV/EBITDA
23.459418030077003,-12.02290383276451,8.65170914398769
