P/E Ratio,P/B Ratio,EV/EBITDA
12.450954874329152,11.379706703506974,8.599666313382649
