P/E Ratio,P/B Ratio,EV/EBITDA
5.113367731252591,0.7150574835144693,4.243904179488286
