P/E Ratio,P/B Ratio,EV/EBITDA
6.462090989747157,0.5051827195401726,3.993142640681948
