P/E Ratio,P/B Ratio,EV/EBITDA
3.5851564160162774,0.4793460646782899,3.496514564996195
