P/E Ratio,P/B Ratio,EV/EBITDA
6.629910786971273,0.23079043434880878,2.2196379933985724
