P/E Ratio,P/B Ratio,EV/EBITDA
6.940907773987078,1.1000914380669187,5.370654674913513
