P/E Ratio,P/B Ratio,EV/EBITDA
9.42938220924321,1.180545533907864,5.431498018325919
