P/E Ratio,P/B Ratio,EV/EBITDA
8.69119695695559,2.4283152342138434,5.570005818112669
