P/E Ratio,P/B Ratio,EV/EBITDA
6.93465166987147,1.4839295087166469,3.7088566040061632
