P/E Ratio,P/B Ratio,EV/EBITDA
8.966416376823958,1.8641868178279077,6.8667100807380494
