P/E Ratio,P/B Ratio,EV/EBITDA
4.379370790802817,-14.530027037765523,3.2996350997177255
