P/E Ratio,P/B Ratio,EV/EBITDA
1.0853606922523482,0.17169690885761923,0.9275103447732626
