P/E Ratio,P/B Ratio,EV/EBITDA
1.7780441047841964,0.4264341383375332,1.7601672195121951
