P/E Ratio,P/B Ratio,EV/EBITDA
7.086605812704241,1.686449609681236,4.8245462899770875
