P/E Ratio,P/B Ratio,EV/EBITDA
3.4265510869779128,0.36423076048265757,1.4020273757918398
