P/E Ratio,P/B Ratio,EV/EBITDA
11.02207986723159,4.144464146392384,7.7079299806857735
