P/E Ratio,P/B Ratio,EV/EBITDA
14.913945952998525,324.53239416731503,9.33630555414297
