P/E Ratio,P/B Ratio,EV/EBITDA
8.56310667309339,78.95381619730277,6.361494407107969
