P/E Ratio,P/B Ratio,EV/EBITDA
10.577162332059332,0.5484103643447207,2.9156226658004285
