P/E Ratio,P/B Ratio,EV/EBITDA
-1.1138783153970508,1.6534780926156671,-7.662439651870368
