P/E Ratio,P/B Ratio,EV/EBITDA
10.376091098786649,1.498865450215732,7.511693937113827
