P/E Ratio,P/B Ratio,EV/EBITDA
8.211164089064525,0.9187728114768168,5.48118099928418
