P/E Ratio,P/B Ratio,EV/EBITDA
40.65286049228588,0.4665389134869605,4.103475529043421
