P/E Ratio,P/B Ratio,EV/EBITDA
21.857959015200308,5.690971376112904,5.208089549414085
