P/E Ratio,P/B Ratio,EV/EBITDA
8.094834283291993,0.5914763216963727,4.471028768361269
