P/E Ratio,P/B Ratio,EV/EBITDA
4.063556846141957,1.6218399132923431,3.995990947700322
