P/E Ratio,P/B Ratio,EV/EBITDA
3.9898305902993387,1.276013491406261,2.9461921303393073
