P/E Ratio,P/B Ratio,EV/EBITDA
-3.3299341613509648,0.2549677127875267,-12.158343845884414
