P/E Ratio,P/B Ratio,EV/EBITDA
4.930595823955228,1.5250619345611476,2.7948071679129844
