P/E Ratio,P/B Ratio,EV/EBITDA
5.237181870404411,0.9819837359422502,3.4187388404177086
