P/E Ratio,P/B Ratio,EV/EBITDA
6.132313491102451,6.290907805527515,4.591571494252873
