P/E Ratio,P/B Ratio,EV/EBITDA
1.3909050894194535,0.42665735745331806,0.9828175808475917
