P/E Ratio,P/B Ratio,EV/EBITDA
68.42286105092612,30.3801939234809,60.63428468163516
