P/E Ratio,P/B Ratio,EV/EBITDA
-12.295929765279315,0.28427471802698545,5.374606222222222
