P/E Ratio,P/B Ratio,EV/EBITDA
4.253498391085708,0.17839733264877974,3.9017945583065585
