P/E Ratio,P/B Ratio,EV/EBITDA
7.708198090741074,0.3232919946081427,3.5965512092232093
