P/E Ratio,P/B Ratio,EV/EBITDA
18.50568696550054,0.47293608102625684,7.306446970441212
