P/E Ratio,P/B Ratio,EV/EBITDA
9.004244188647302,1.668928376812221,6.09364456695198
