P/E Ratio,P/B Ratio,EV/EBITDA
3.526231395243917,1.319903372212037,2.502613892817227
