P/E Ratio,P/B Ratio,EV/EBITDA
12.033886436303945,53.95477474050863,8.350046606687942
