P/E Ratio,P/B Ratio,EV/EBITDA
8.342609547469666,-25.816228417752747,6.031708048332262
