P/E Ratio,P/B Ratio,EV/EBITDA
8.053925598459012,0.4456502792476287,1.7920697068392035
