P/E Ratio,P/B Ratio,EV/EBITDA
8.756219888272009,3.7699168419125098,5.740131175148365
