P/E Ratio,P/B Ratio,EV/EBITDA
5.122819188748228,1.0820985406092514,3.578247949272798
