P/E Ratio,P/B Ratio,EV/EBITDA
16.23426635950482,0.4839468504564358,4.409713660671723
