P/E Ratio,P/B Ratio,EV/EBITDA
3.618740614937506,0.6605318708737031,1.8743902038996283
