P/E Ratio,P/B Ratio,EV/EBITDA
8.736140301618303,0.7107234286434292,4.927293535818377
