P/E Ratio,P/B Ratio,EV/EBITDA
6.406281563879997,3.217644865359119,4.196278996462585
