P/E Ratio,P/B Ratio,EV/EBITDA
2.3113751097441746,0.4594753285544647,2.1939905925213696
