P/E Ratio,P/B Ratio,EV/EBITDA
6.756367645107385,2.0827659666915257,4.865734707947005
