P/E Ratio,P/B Ratio,EV/EBITDA
10.427974364701162,2.1013295884631686,6.36449915273412
