P/E Ratio,P/B Ratio,EV/EBITDA
2.64388939959665,0.679490294681323,2.0585584415868703
