P/E Ratio,P/B Ratio,EV/EBITDA
6.610609862901453,1.410239759634113,3.5460928929718047
