P/E Ratio,P/B Ratio,EV/EBITDA
8.82314823298261,0.5569423338798815,6.271895197374821
