P/E Ratio,P/B Ratio,EV/EBITDA
5.676276333845465,-4.5068481749020135,4.49002291552298
