P/E Ratio,P/B Ratio,EV/EBITDA
8.359121060616802,1.6114661986870282,6.516271169605165
