P/E Ratio,P/B Ratio,EV/EBITDA
4.48374559671921,0.40646075088168093,3.143467489136347
