P/E Ratio,P/B Ratio,EV/EBITDA
5.817421732915656,1.0564309173679933,3.713428637048357
