P/E Ratio,P/B Ratio,EV/EBITDA
16.11607192345493,0.43557743896204437,3.6945041257629
