P/E Ratio,P/B Ratio,EV/EBITDA
-9.129472453222453,0.17206521100270367,3.360328493412259
