P/E Ratio,P/B Ratio,EV/EBITDA
5.3137449599559545,1.3721982261270904,4.84798794264218
