P/E Ratio,P/B Ratio,EV/EBITDA
2.963885570020687,0.4640434522213663,2.1536119077657037
