P/E Ratio,P/B Ratio,EV/EBITDA
8.788278697766755,0.29665407009289735,3.4654182621391936
