P/E Ratio,P/B Ratio,EV/EBITDA
22.366239029897752,2.2961741225848034,9.998671914505724
