P/E Ratio,P/B Ratio,EV/EBITDA
12.48145063784661,0.5730776642183708,8.706718452758402
