P/E Ratio,P/B Ratio,EV/EBITDA
5.809477935262142,1.0515259264316255,3.714617384486514
