P/E Ratio,P/B Ratio,EV/EBITDA
4.316336724185179,2.2403756246123527,3.2855929031518625
