P/E Ratio,P/B Ratio,EV/EBITDA
3.721101878417028,0.4024332231047536,1.9192468820626443
