P/E Ratio,P/B Ratio,EV/EBITDA
-5.566628552079678,2.9902137874918813,-74.24135360035041
