P/E Ratio,P/B Ratio,EV/EBITDA
10.68424177250561,0.532565717595681,5.721333660877993
