P/E Ratio,P/B Ratio,EV/EBITDA
3.815313023390933,0.9670938422658768,2.8837959007645813
