P/E Ratio,P/B Ratio,EV/EBITDA
3.7303440272768067,1.282127243393333,2.4074859062583003
