P/E Ratio,P/B Ratio,EV/EBITDA
5.619656394967755,0.9241601543634356,4.685129400797301
