P/E Ratio,P/B Ratio,EV/EBITDA
10.978990536074868,2.2853955537041983,6.837231007261597
