P/E Ratio,P/B Ratio,EV/EBITDA
7.0869990890512184,2.687158429474587,5.3604827529508485
