P/E Ratio,P/B Ratio,EV/EBITDA
7.014906765850123,1.0146222723308187,7.820449268257166
