P/E Ratio,P/B Ratio,EV/EBITDA
9.473212821303871,2.9804434801592143,5.601308009420611
