P/E Ratio,P/B Ratio,EV/EBITDA
4.5634691071778715,0.7724896414475758,2.1575405377093713
