P/E Ratio,P/B Ratio,EV/EBITDA
11.650132504669354,1.692666322343214,5.556240657655108
