P/E Ratio,P/B Ratio,EV/EBITDA
17.868581080437114,-1.0648735587629516,6.271111024282429
