P/E Ratio,P/B Ratio,EV/EBITDA
6.490852173519528,-3.384299467416084,4.337679920060594
