P/E Ratio,P/B Ratio,EV/EBITDA
2.6554855403064925,3.7220826758676866,2.2432496003532787
