P/E Ratio,P/B Ratio,EV/EBITDA
10.478178818319272,6.762655815269646,6.887556494213465
