P/E Ratio,P/B Ratio,EV/EBITDA
1.8173303993485201,0.38765828887466425,2.003703410584573
