P/E Ratio,P/B Ratio,EV/EBITDA
5.412160029179816,0.37421452354746393,3.7443632213503055
