P/E Ratio,P/B Ratio,EV/EBITDA
-52.376120518634345,0.8007742640379976,6.2668130637434025
