P/E Ratio,P/B Ratio,EV/EBITDA
23.465751470698166,0.2703725676127544,5.852590337930556
