P/E Ratio,P/B Ratio,EV/EBITDA
5.352081253783843,1.0272628591881092,3.566267781248764
