P/E Ratio,P/B Ratio,EV/EBITDA
14.531939987492194,2.931927018170074,15.501587120527608
