P/E Ratio,P/B Ratio,EV/EBITDA
6.955339421493143,0.7675688659853737,3.992023885121177
