P/E Ratio,P/B Ratio,EV/EBITDA
7.192322843852143,4.457088102694989,4.5338406802263735
