P/E Ratio,P/B Ratio,EV/EBITDA
13.580906135305833,2.086841639328196,8.71486998156538
