P/E Ratio,P/B Ratio,EV/EBITDA
-113.94059464362115,0.5888553476439511,6.18589952931662
