P/E Ratio,P/B Ratio,EV/EBITDA
5.25421534258727,0.5225553444097903,5.3182059087742575
