P/E Ratio,P/B Ratio,EV/EBITDA
-2.0509481044406446,-1.8051928619807411,-6.9596012896851835
