P/E Ratio,P/B Ratio,EV/EBITDA
6.669802738739377,-9.471119889009916,4.0078112923884515
