P/E Ratio,P/B Ratio,EV/EBITDA
11.434156216493152,0.9502280095753091,6.33527131934369
