P/E Ratio,P/B Ratio,EV/EBITDA
3.4398497959183674,0.30521407204061973,3.1577754795750166
