P/E Ratio,P/B Ratio,EV/EBITDA
3.261031647634584,0.6121493191865606,1.7912033148892657
