P/E Ratio,P/B Ratio,EV/EBITDA
15.246967521583787,2.200274749513342,9.572328263389162
