P/E Ratio,P/B Ratio,EV/EBITDA
6.741842999809938,5.5568485772697,3.7589738557048022
