P/E Ratio,P/B Ratio,EV/EBITDA
7.855148656176315,0.30869369674093516,2.1114388548227576
