P/E Ratio,P/B Ratio,EV/EBITDA
13.833730765766198,0.22230763947401813,3.069863640970699
