P/E Ratio,P/B Ratio,EV/EBITDA
15.743402003688571,-4.795724542726225,7.901126017476407
