P/E Ratio,P/B Ratio,EV/EBITDA
4.389358833077823,0.9479202878897721,3.4089430579944207
