P/E Ratio,P/B Ratio,EV/EBITDA
3.3043940216272008,1.1601107585509067,1.9831458740531873
