P/E Ratio,P/B Ratio,EV/EBITDA
12.088807404142795,5.377978960134555,7.43644238045521
