P/E Ratio,P/B Ratio,EV/EBITDA
7.411688679268277,1.2074302634782248,5.087238176061023
