P/E Ratio,P/B Ratio,EV/EBITDA
4.342559115638262,1.3945855455557365,3.1273490309701706
