P/E Ratio,P/B Ratio,EV/EBITDA
-4.28730082352097,0.5121606795342045,7.603723893805309
