P/E Ratio,P/B Ratio,EV/EBITDA
2.930756472147638,0.7354987731512229,1.914611140151061
