P/E Ratio,P/B Ratio,EV/EBITDA
7.306879955459201,3.547840684655347,1.6935817542774474
