P/E Ratio,P/B Ratio,EV/EBITDA
2.57934370218976,0.22452582099577384,1.8741382687808683
