P/E Ratio,P/B Ratio,EV/EBITDA
5.955559893117259,3.15712839983508,4.702265250040011
