P/E Ratio,P/B Ratio,EV/EBITDA
5.025236840652504,0.5327577323217919,3.179704100695097
