P/E Ratio,P/B Ratio,EV/EBITDA
3.8978849359680168,0.20496871778160514,2.6154526273485383
