P/E Ratio,P/B Ratio,EV/EBITDA
3.8996358710229355,0.2050607900000059,2.843528102079775
