P/E Ratio,P/B Ratio,EV/EBITDA
-5.641515128887804,1.1772767430565236,5.620749707263551
