P/E Ratio,P/B Ratio,EV/EBITDA
19.23397249300538,0.9711341625532537,5.19153232563429
