P/E Ratio,P/B Ratio,EV/EBITDA
3.176711630685802,0.43205322993615153,2.4025965687764494
