P/E Ratio,P/B Ratio,EV/EBITDA
5.3965305744946175,2.565022216555343,3.3042673207548416
