P/E Ratio,P/B Ratio,EV/EBITDA
6.121396180528194,1.5151200623404986,4.239947142947218
