P/E Ratio,P/B Ratio,EV/EBITDA
5.434199141036836,2.3628051336669373,3.621061363741587
