P/E Ratio,P/B Ratio,EV/EBITDA
2.829221576912691,1.7675970118902429,2.2390556700277555
