P/E Ratio,P/B Ratio,EV/EBITDA
6.968607214881062,1.8431814403476998,3.0465419567030785
