P/E Ratio,P/B Ratio,EV/EBITDA
8.547191829317583,3.6377627089238054,7.050091590367673
