P/E Ratio,P/B Ratio,EV/EBITDA
9.183607794886829,0.777549401037358,4.324117738406155
