P/E Ratio,P/B Ratio,EV/EBITDA
1.8892820572620337,0.43085465631425024,1.1815544351227547
