P/E Ratio,P/B Ratio,EV/EBITDA
12.571618817998301,1.2877566427451925,6.047066643898428
