P/E Ratio,P/B Ratio,EV/EBITDA
-21.860770357591335,0.32812542863330196,7.909718300396163
