P/E Ratio,P/B Ratio,EV/EBITDA
13.263112801967424,5.16182698790063,7.2526439548570245
