P/E Ratio,P/B Ratio,EV/EBITDA
6.181811597751759,-3.298042811259585,5.198418830096141
