P/E Ratio,P/B Ratio,EV/EBITDA
8.528981094631442,2.0347800974652297,6.4002845713386
