P/E Ratio,P/B Ratio,EV/EBITDA
61.66671117746093,0.6060262038795049,5.230345752357013
