P/E Ratio,P/B Ratio,EV/EBITDA
2.310967406346749,0.5044642811595142,1.8714225342017765
