P/E Ratio,P/B Ratio,EV/EBITDA
8.524378582243953,9.696021386943752,6.19607476881363
