P/E Ratio,P/B Ratio,EV/EBITDA
-1.7048398934664597,0.10417137940017515,-15.59345161408882
