P/E Ratio,P/B Ratio,EV/EBITDA
5.700017443563149,0.6702174500062772,3.8309214179801883
