P/E Ratio,P/B Ratio,EV/EBITDA
3.4692566839511576,0.4701799958888307,2.252707790662901
