P/E Ratio,P/B Ratio,EV/EBITDA
10.518610619837423,2.9163078158783935,5.025731899735073
