P/E Ratio,P/B Ratio,EV/EBITDA
9.373900160090265,1.3850092294566132,4.338098281074098
