P/E Ratio,P/B Ratio,EV/EBITDA
13.627834697061598,2.281881316956836,5.586112945545005
