P/E Ratio,P/B Ratio,EV/EBITDA
1.1720765339054928,2.413508096868636,1.0692047634201491
