P/E Ratio,P/B Ratio,EV/EBITDA
3.26327052751919,0.49356533458488744,2.2459401978654294
