P/E Ratio,P/B Ratio,EV/EBITDA
-3.880992920585506,-6.227098027821142,9.056143174583234
