P/E Ratio,P/B Ratio,EV/EBITDA
5.88473629281188,0.6002653711005882,3.491216157541026
