P/E Ratio,P/B Ratio,EV/EBITDA
5.03852931133595,0.641293123415918,1.9712371378420237
