P/E Ratio,P/B Ratio,EV/EBITDA
-4.996217945775678,0.21824719067972667,6.623910149597238
