P/E Ratio,P/B Ratio,EV/EBITDA
-1.7868114772267538,0.06304742327958578,4.232357419354838
