P/E Ratio,P/B Ratio,EV/EBITDA
17.300046331062703,1.4339703826765164,8.988010491643877
