P/E Ratio,P/B Ratio,EV/EBITDA
6.839098331851885,-1.1194002694203296,5.437816960718294
