P/E Ratio,P/B Ratio,EV/EBITDA
14.047037366954134,0.43206372165267787,4.305056357437984
