P/E Ratio,P/B Ratio,EV/EBITDA
9.144231603229368,4.198376178675875,6.187678753505765
